{"cameraMode":{"drawMode":0,"name":"Shaded","section":"Shading Mode"},"sceneLighting":false,"audioPlay":false,"sceneViewState":{"m_AlwaysRefresh":false,"showFog":true,"showSkybox":false,"showFlares":true,"showImageEffects":true,"showParticleSystems":true,"showVisualEffectGraphs":true,"m_FxEnabled":true},"in2DMode":false,"pivot":{"x":-8.077645301818848,"y":-4.160874366760254,"z":49.816558837890628},"rotation":{"x":-0.06176861748099327,"y":-0.0068887267261743549,"z":0.00042623726767487824,"w":-0.9980726838111877},"size":76.40648651123047,"orthographic":false}