{"cameraMode":{"drawMode":0,"name":"Shaded","section":"Shading Mode"},"sceneLighting":false,"audioPlay":false,"sceneViewState":{"m_AlwaysRefresh":false,"showFog":true,"showSkybox":false,"showFlares":true,"showImageEffects":true,"showParticleSystems":true,"showVisualEffectGraphs":true,"m_FxEnabled":true},"in2DMode":false,"pivot":{"x":2.8635034561157228,"y":-0.9407607316970825,"z":12.382665634155274},"rotation":{"x":-0.0016752192750573159,"y":0.9982788562774658,"z":-0.04676235839724541,"w":-0.03565118461847305},"size":2.045775890350342,"orthographic":false}